"","x"
"1",-0.006073675564787
"2",0.000885739650467343
"3",0.00595830958363086
"4",0.0118112044160581
"5",0.0102753159697566
"6",0.00632875282296474
"7",-0.000427721931654634
"8",0.00586632782842766
"9",0.0204217623405505
"10",-0.00648131058310808
"11",0.000419419110688768
"12",-0.00367589554278203
"13",0.00189214815203798
"14",0.0128346941130992
"15",-0.0117850456489306
"16",-0.00568123569109913
"17",-0.0179916923802144
"18",0.0142920951157501
"19",-0.00520249609575929
"20",0.00826884795647675
"21",0.0257426955361804
"22",-0.00164765763466779
"23",0.00657424042217736
"24",0.0137273600780112
"25",-0.00648431882887435
"26",-0.00234056998605237
"27",-0.0263241006651143
"28",0.00552858041004889
"29",-0.00563323023711559
"30",-0.00492887579561874
"31",-0.00168354413325789
"32",-0.00506753607530408
"33",0.00274804104868176
"34",0.0131077224296474
"35",-0.000208335074901367
"36",0.0131464656830502
"37",0.00267026969121531
"38",0.00491103903128431
"39",0.0119713304707494
"40",0.0137214429114936
"41",0.000397812039059975
"42",9.94282874295926e-05
"43",0.0073303943896561
"44",0.00216898438577351
"45",-0.00642199509896013
"46",0.0122156580039499
"47",0.00117432249867333
"48",0.00244200365555169
"49",0.00777461626929776
"50",-0.0431237686196564
"51",-0.00832238607140789
"52",0.00862551375190357
"53",-0.00618255656060818
"54",-0.00376882552075752
"55",0.0302551250140253
"56",0.00424838854664467
"57",0.00226504597769406
"58",-0.000295223574381165
"59",-0.00760531114263774
"60",0.00711324872451957
"61",0.00206520209114958
"62",-0.00818746867134568
"63",0.000989961490411861
"64",0.0155133600240664
"65",-0.00870889598467661
"66",-0.0388787160144348
"67",0.0290020925185228
"68",-0.00637261939540013
"69",0.00637261939540013
"70",-0.0157058197658047
"71",0.00723330459352001
"72",-0.00280669785679155
"73",0
"74",-0.00877158401648526
"75",0.0205469915385761
"76",0.00218008212397924
"77",-0.00287476777908147
"78",-0.00917537104235544
"79",-0.0106769348411184
"80",-0.0123288534993242
"81",-0.0132096448528203
"82",0.0145415440302989
"83",0.0211728920086256
"84",0.0268027313436154
"85",0.00506178448736083
"86",0.017708133165494
"87",0.00371340583817981
"88",-0.00104597546739837
"89",0.0153885125962989
"90",0.00560539605235411
"91",-0.00335939099064619
"92",0.00948928863095011
"93",0.0128796628636612
"94",-0.00733948248804595
"95",0.00239124550621916
"96",-0.0014708956774192
"97",0.00284790050551287
"98",-0.00165262612617756
"99",0.00796229911013269
"100",0.0140305902282467
"101",0.0140137072654802
"102",0.0119825222242835
"103",-0.00166546037822402
"104",0.0129000658058751
"105",-0.00695231791355155
"106",0.014200567909882
"107",0.00137472315446541
"108",0.0183756428401671
"109",-0.00872033649020088
"110",0.0118344576470029
"111",-0.000588408372375504
"112",-0.0329944459037868
"113",-0.00383112360332882
"114",0.0112770454502717
"115",-0.00380264919034801
"116",-0.00425178312871211
"117",-0.0228681909036594
"118",0.0151866239365317
"119",-0.0191982540815956
"120",-0.00295202611836798
"121",-0.0170774417403394
"122",-0.0137642101904354
"123",-0.01376897715665
"124",0.0246126779396936
"125",0.029183336829826
"126",-0.00775301303670117
"127",0.0103240858201734
"128",-0.00354802565659273
"129",-0.00472052527038835
"130",0.0175225014231448
"131",-0.000701992130627271
"132",-0.0122777499548423
"133",-0.0192020262995141
"134",-0.00955809032651223
"135",-0.0285760236418673
"136",9.4150861785991e-05
"137",0.0139247703175451
"138",0.0377025168357723
"139",0.00107194291511492
"140",-0.0249493547590451
"141",0.00883953447938968
"142",-0.00381780294978684
"143",-0.027515390593678
"144",-0.00780046261187062
"145",0.0254310575431345
"146",0.00760533271159458
"147",0.0256828349051079
"148",0.00514690984202115
"149",0.00106153582046309
"150",-0.035640921363989
"151",0.0549926573358395
"152",0.0306586846028107
"153",-0.0147422475958585
"154",0.01246881585385
"155",0.000168610927045343
"156",0.00764032107795831
"157",0.00317334713064055
"158",-0.00845656635121772
"159",0.00662059824534422
"160",0.0190292499576965
"161",0.0231683112342318
"162",0.0125728084540406
"163",0.00489075677084827
"164",0.00588444677861499
"165",0.00693824650419739
"166",-0.00209981026875727
"167",0.00814118872422176
"168",0.0266682470821618
"169",-0.00626015545203895
"170",-0.025905863981762
"171",0.012576903177103
"172",-0.0151423778592168
"173",0.00489217042664469
"174",0.00208941073636737
"175",-0.0063591375631491
"176",-0.0167094535551704
"177",0.00150188555954411
"178",0.00425633179818652
"179",-0.020902775418008
"180",-0.0183997733945578
"181",0.0179177039764817
"182",-0.0069343934356132
"183",0.0109440220315906
"184",0.0165883722306699
"185",0.0111934165446925
"186",-0.00757904944503762
"187",-0.0126284235481791
"188",0.0103513231178178
"189",-0.00409607498102682
"190",-0.0264741978257659
"191",0.00694615528335429
"192",-0.00800033372188169
"193",0.0249993305008718
"194",-0.0154708346361314
"195",-0.00144764381080176
"196",0.00857480110725284
"197",0.016068735341475
"198",-0.0105779008003521
"199",-0.00325904659101539
"200",0.00761421837968257
"201",0.00425770578162732
"202",-0.00196889215011753
"203",-0.00434522501822032
"204",0.00379323982894997
"205",-0.00482309691637051
"206",-0.0113184693080215
"207",0.0225886362790613
"208",-0.00542216557021824
"209",0.0133840842668826
"210",0.00813047195343897
"211",0.00469321884723994
"212",0.0180280398666297
"213",-0.015881159696121
"214",-0.0148150551478854
"215",-0.0275047875528727
"216",0.0299116834297948
"217",-0.00194061778552879
"218",-0.0227907074592073
"219",-0.00629960996293066
"220",0.00199784293093286
"221",0.0186655207524056
"222",-0.0102387598358633
"223",-0.00356870986515423
"224",0.00111164054288126
"225",0.0230634006824646
"226",-0.00139680295875033
"227",0.0109670542848033
"228",-0.00092212405264025
"229",-7.69768950217298e-05
"230",0.0101741479677613
"231",0.00871442664721167
"232",-0.0222773641608081
"233",0.0184977842571556
"234",-0.00197098091161596
"235",-0.0114478850776409
"236",0.00199365151513886
"237",-0.00445285956487185
"238",0.00123029850599554
"239",-0.00585785559544405
"240",-0.00550373872532095
"241",-0.0066289033011917
"242",-0.00297785655399663
"243",0.0113930532169997
"244",-0.00225275272961234
"245",-0.0111042431430741
"246",-0.00196780731766033
"247",0.00534340419569457
"248",-0.00235383392549116
"249",0.00454575592711759
"250",-0.01005978320224
"251",0.00794622803580891
"252",-0.00455545871051566
"253",0.00846599083297317
"254",-0.00477290526986174
"255",-0.00589972212718815
"256",-0.0176699917382352
"257",0.00720118330352593
"258",0.00928467567349278
"259",-0.00126459072710094
"260",-0.00348601203149723
"261",-0.00246331719040249
"262",-0.0251362944080014
"263",-0.0206073893104475
"264",0.026383284969234
"265",0.0191216877948674
"266",-0.00039801010756646
"267",0.00958688957272402
"268",0.0132379329211814
"269",0.00860037094706723
"270",0.0187250834895152
"271",-0.010045042684617
"272",-0.0432149126278678
"273",-0.000479239557391153
"274",-0.00528723485501104
"275",-0.0139930622932636
"276",0.00495633774982807
"277",-0.00316597262997753
"278",-0.00505374404602277
"279",-0.00878242575923016
"280",-0.0238603119203322
"281",-0.0326097534858478
"282",0.0066075705540829
"283",-0.0023424641317602
"284",0.00338175057623769
"285",0.0357120424660216
"286",-0.0534409909168474
"287",0.0153021834385063
"288",-0.000781249239462767
"289",0.00700967778676054
"290",0.0102952520474227
"291",-0.00564928309512203
"292",-0.0128721571216817
"293",-0.0207334490058204
"294",-0.0631132529533955
"295",-0.0252790165041672
"296",0.00599433294462948
"297",0.0557705115243272
"298",0.0290213614956412
"299",0.00327129950010896
"300",-0.00468920116591409
"301",-0.0457264337760854
"302",0.0419946835546927
"303",-0.0176915574715664
"304",-0.0100165470504416
"305",0.0274410223831549
"306",-0.0194197961108853
"307",0.0217321771183601
"308",0.0144636086958032
"309",0.00958526003140969
"310",0.00837695659674997
"311",0.00111740093078305
"312",-0.0216220289577929
"313",-0.00413427169563807
"314",0.0153943740819349
"315",-0.0158351587563104
"316",0.00808014232796017
"317",0.00593059474163793
"318",-0.00252492407007354
"319",-0.0199874226803174
"320",-0.0305216287920027
"321",0.0113058097033325
"322",-0.00654908641391927
"323",0.00727404566263612
"324",0.00361733083205218
"325",0.00477281296450061
"326",-0.00477281296450061
"327",-0.0116217033484025
"328",0.0236452127160929
"329",-0.00464871202543771
"330",0.0017010613350239
"331",-0.0142344745787839
"332",0.0148604526899914
"333",-0.00735759263494762
"334",0.00619478560134246
"335",0.0180935490331344
"336",-8.783017629721e-05
"337",0.0151795287451741
"338",0.0305250061857274
"339",-0.032431584456309
"340",-0.00635250787251351
"341",0.0403783532344719
"342",0.0105088875470272
"343",-0.00858231322868663
"344",0.0139606721452776
"345",0.0114052518362309
"346",-0.00466125061981737
"347",-0.00889187482199905
"348",0.001157087510816
"349",-0.00405576029285415
"350",-0.0320243432969702
"351",-0.00566813619333439
"352",-0.00336453753098054
"353",-0.0296435286098435
"354",0.0162461990380227
"355",-0.00430066921170535
"356",0.0311740192090055
"357",0.0126235420543006
"358",0.00436832004507437
"359",-0.0130776297362614
"360",0.00955081442554562
"361",-0.00717571788109517
"362",-0.00186570613592529
"363",0.00415068149162989
"364",-0.00814813538794112
"365",-0.00907459371806585
"366",-0.0093313621511073
"367",0.0327058486402203
"368",-0.00632086719551195
"369",-0.000422781276894213
"370",-0.0223229274569623
"371",0.00474564927496379
"372",-0.0260751638110057
"373",-0.00620400809014621
"374",-0.0178504807015201
"375",0.0076635639066569
"376",-0.0214241309704346
"377",-0.0274423429212272
"378",0.0121861275557262
"379",-0.000932102958385972
"380",0.0127873867568975
"381",-0.00535451796305075
"382",-0.0112637914172695
"383",0.0178145000211578
"384",-0.0131446493753589
"385",-0.0193815076306509
"386",0.000854622323425591
"387",-0.0253786570724848
"388",-0.0197637231751435
"389",-0.0431210621230975
"390",0.00527382444153224
"391",0.0160625480133789
"392",0.0144090356323683
"393",-0.0260465699936434
"394",0.0216350528248346
"395",-0.0243083425656252
"396",-0.00485053843321603
"397",0.00134397536189601
"398",-0.00507532282005441
"399",0.0518019500259301
"400",-0.019715822939157
"401",0.00551565355604078
"402",-0.0679646859097951
"403",0.00714627343222363
"404",0.0339582348060463
"405",-0.00939260678993881
"406",-0.0204291422961846
"407",0.019599180634267
"408",0.0025913463580971
"409",-0.0270712581666284
"410",0.0104747082676444
"411",-0.000210610527093813
"412",-0.00760861781565092
"413",-0.00606481642180245
"414",0.00309020451954911
"415",0.0278043831120143
"416",0.0151985259701917
"417",-0.0191383547276098
"418",-0.0022881340760339
"419",0.00870828660359191
"420",-0.0228646177181275
"421",0.0147808757377299
"422",0.00684441110497502
"423",0.00154902694064596
"424",-0.00227272815708801
"425",0.0389461645525491
"426",0.00218601040946353
"427",0.00741659765504954
"428",0.0147673112449405
"429",-0.0111285798590774
"430",-0.00828002742806433
"431",0.000890467515867854
"432",0.000494300262290359
"433",0.0107163585500323
"434",0.00253923371126108
"435",0.0198944662808924
"436",0.0132037064267601
"437",-0.00160547795536292
"438",0.00113353495731605
"439",-9.43775652046952e-05
"440",0.00761886754382024
"441",-0.00554386208320912
"442",-0.00434368963116505
"443",-0.0045527536753287
"444",0.0233955891188073
"445",0.0173084419887837
"446",-0.00521620968459668
"447",0.00913331800147743
"448",0.0102213182411255
"449",-0.0118591712601415
"450",0.0104182128235095
"451",-0.0220510073713172
"452",0.00110500930019208
"453",0.00330753701016784
"454",0.0129411083350957
"455",0.0143835271111934
"456",0.00053537968620665
"457",-0.0202755312474951
"458",-0.0218109778671032
"459",-0.00531742452346018
"460",0.00205561649659636
"461",-0.0108869777499074
"462",-0.00274037497267487
"463",-0.00569369539673081
"464",-0.00697133129412952
"465",-0.0646215784119986
"466",-0.0310432402155749
"467",-0.0115608650722949
"468",-0.00106730720063108
"469",0.0163121930702546
"470",-0.0104557743908864
"471",-0.0101372900345655
"472",-0.00559257223601639
"473",0.000754676333591942
"474",0.00676657970887362
"475",-0.00978866505216658
"476",-0.023736504072513
"477",0.00199049062692414
"478",0.0364465517990316
"479",-0.00416289245733914
"480",0.0113800754387041
"481",-0.00381437223713155
"482",0.0107698646469014
"483",0.0126273527559202
"484",0.0151291930141717
"485",0.0174164382612516
"486",0.00789885593029771
"487",-0.000597768485667061
"488",-0.00489487016988388
"489",-0.0141188307424085
"490",-0.00754412794051484
"491",0.00204457237447642
"492",0.00722461564627341
"493",0.00404740012292182
"494",-0.000909188305107111
"495",0.00715040043069948
"496",-0.00826284427071133
"497",-0.0151912390758606
"498",0.00123207410312842
"499",-0.00328880049776137
"500",0.00421187115613364
"501",-0.0230205515682456
"502",-0.00241558695414223
"503",0.00848132389428002
"504",-0.00376058089644449
"505",0.0057396034270667
"506",-0.0284979707414501
"507",-0.0146680800676315
"508",0.0167002322623899
"509",0.00861757572190003
"510",0.0126317469059005
"511",0.00302888110823396
"512",-0.00943012037319502
"513",0.00566875348952234
"514",0.00428270348472459
"515",0.00768351806864054
"516",0.00309825708754063
"517",0.0045267154555737
"518",-0.00566161364764994
"519",0.0196264703256359
"520",-0.000101229943903824
"521",0.0105735842358552
"522",0.000400640958776233
"523",0.000900725659641388
"524",-0.0053162269747693
"525",-0.00777424264311088
"526",-0.0134696730366395
"527",-0.00690684683571785
"528",0.0629402781434711
"529",0.0134113646380523
"530",-0.0012466652537011
"531",0.0175026247244121
"532",-0.0149150149157888
"533",0.0124602931857236
"534",0.000755967138790226
"535",0.0150928568260427
"536",0.0082465138819714
"537",0.00405187035610544
"538",-0.0074719780773731
"539",-0.000648358286964523
"540",0.00231363760602576
"541",0.0119454142655502
"542",-0.000913899359961778
"543",-0.00146382462486194
"544",-0.00128263874661982
"545",0.00256363443830665
"546",-0.00780282092061668
"547",0.00312841618547877
"548",-0.00756182135166261
"549",-0.00426716788497972
"550",-0.00587383151917731
"551",-0.00112279201311249
"552",-0.00770608079955704
"553",0.000942951507870049
"554",0.00592027278368334
"555",0.00932581563234169
"556",-0.000278587013824438
"557",0.00610947019475638
"558",-0.0265585467153415
"559",-0.022910180959574
"560",0.0221518191484846
"561",0.0235260112161604
"562",0.0347750327031173
"563",0.0334332543776088
"564",-0.00564017287626095
"565",-0.0117287996618023
"566",-8.80475457316621e-05
"567",-0.000176083125215776
"568",0.00937904024317504
"569",-0.0168041957675271
"570",0.00150712385470975
"571",0.00185865440447897
"572",0.00757579407540154
"573",-0.0156549965083865
"574",0.00772551002636135
"575",-0.00469928603413239
"576",0.00425687063992086
"577",0.000442415394211526
"578",0.00740283617970761
"579",0.0014915203728707
"580",0.0172965765292168
"581",0.0021519267300798
"582",0.00890257549031404
"583",-0.00307265519998268
"584",0.00554105675866046
"585",-0.00068026195326798
"586",-0.000680827178356491
"587",-0.00298389746978822
"588",-0.00051249467344272
"589",-0.00393731577617151
"590",0.00896484125697938
"591",0.00508691219867119
"592",-0.0227516146709368
"593",-0.00964924251230981
"594",-0.00666088340599691
"595",-0.00158408904021901
"596",-0.0182203328407575
"597",0.000896539450280898
"598",-0.0158976885518487
"599",-0.00905483863640422
"600",0.0143218685157969
"601",0.0058698141172453
"602",-0.00162206043033608
"603",-0.0282636095730195
"604",0.00591991369055345
"605",-0.0254053077035188
"606",0.0131568479959667
"607",0.0265330724255439
"608",-0.000363735581485614
"609",0.000999954667202818
"610",0.0150596470720372
"611",0.000626314139336781
"612",-0.00511143093371524
"613",0.00502194571677617
"614",-0.00196991467714636
"615",-0.000986414463697738
"616",-0.00846931827871966
"617",-0.00936327951035443
"618",0.00373767705725925
"619",-0.0072143137425682
"620",0.0076691329535894
"621",0.00977475444557774
"622",0.00976932690647381
"623",0.0161899586159291
"624",-0.0057205172501158
"625",0.0165437703251894
"626",0
"627",0.00545428813399296
"628",0.00129427517096792
"629",0.00576073129173604
"630",0.00265419056718885
"631",0.000940130865026756
"632",-0.00659951838761152
"633",0.00197582645741079
"634",0.00633082788593509
"635",-0.00427314540407675
"636",-0.000256970312537685
"637",-0.00782634813403948
"638",0.00284519741877443
"639",-0.00111990365531511
"640",0.00507247797113841
"641",0.0110866219805192
"642",0.00911776683803023
"643",0.00100801354201829
"644",0.00535880039821501
"645",-0.00418410652257384
"646",-0.00176255868366892
"647",0.00803217169726445
"648",-8.33701418603283e-05
"649",-0.00175164580386955
"650",0.00183501594572988
"651",0.000666444543160338
"652",-0.000916475798369731
"653",0.0157952097715048
"654",0.000492231984345892
"655",8.19385789134763e-05
"656",-0.00262747511787964
"657",-0.00230468457111099
"658",0.0591936073712351
"659",-0.00171019942180495
"660",0.00427002706172086
"661",0.00933030662958823
"662",0.00947228866733774
"663",0.00386988391660248
"664",0.00287384309941041
"665",-0.00226811924961901
"666",0.00881657534933744
"667",0.0128957996425463
"668",0.00362246357754037
"669",-0.00118133365017536
"670",0.00272986474969938
"671",0.00719477455271855
"672",0.00299480889981574
"673",-0.00423915267190322
"674",0.000951747925691748
"675",0.00197366929777631
"676",0.000438171742381144
"677",0.0202332795918259
"678",-0.00595505975096389
"679",0.00588357854561128
"680",-0.00315279715377059
"681",0.00129102793518188
"682",-0.00373405569970231
"683",-0.00230487000063162
"684",0.0033115573654352
"685",0.000431098669191332
"686",-0.0015097022889714
"687",0.0105207908108742
"688",0.00163610913383483
"689",-0.00498789676022149
"690",0.0104460281007284
"691",-0.0115181648578253
"692",0.0112353028729886
"693",-0.00354183270305786
"694",-0.00198891953616975
"695",0.00170505864404191
"696",0.0205149805224489
"697",0.00222278502188544
"698",-0.0013192434332403
"699",-0.00187759020182821
"700",0.000278340759035434
"701",0.00741853854677554
"702",-0.00519409720134512
"703",-0.00250278210446586
"704",-0.00223002183008036
"705",-0.00118666728785799
"706",-0.0108146839033276
"707",0.00119959083786281
"708",-0.00530317650002843
"709",0.00551469149977324
"710",-0.0044518605759869
"711",-0.00368954599139704
"712",0.0124331357524436
"713",-0.00119419771294593
"714",0.00958348057925207
"715",0.00617692910286838
"716",-0.00589854958614966
"717",0.00076529732835473
"718",-0.000974116468574149
"719",0.0201916247633229
"720",0.00632458847744743
"721",-0.00305530340685811
"722",-0.0036104539183599
"723",0.0164476815845145
"724",0.0268253853571911
"725",0.00638443862439431
"726",-0.00475189177321456
"727",0.00449204894522826
"728",0.0138690303825371
"729",-0.00256582562106233
"730",-0.00147826618787272
"731",-0.0341522135463324
"732",0.0151262308755138
"733",0.00340317095740161
"734",0.00605771596780125
"735",-0.00123460813668785
"736",-0.00299543103442002
"737",0.00345041202839003
"738",-0.00169114131226156
"739",0.000390523306186719
"740",-0.00593940989479114
"741",0.00274561208285684
"742",0.014710462517709
"743",-0.00982620912270926
"744",0.0033724918159348
"745",0.00593894989267207
"746",-0.00244871884183784
"747",-0.0395485826181869
"748",-0.0241859346769777
"749",0.00801343979303759
"750",-0.00980293711427871
"751",-0.00601150203540435
"752",-0.0140984190866353
"753",0.0282059653436471
"754",-0.00912997614677824
"755",0.00591310870094564
"756",-0.00164660071508749
"757",0.00445340731982347
"758",-0.00314955404073869
"759",-0.0144365275072609
"760",0.014505047992293
"761",-0.0148530108508731
"762",0.00236365772003966
"763",-0.00361717139496465
"764",0.00410304138473894
"765",-0.00948337096768004
"766",0.0101077578734983
"767",0.00608495887023652
"768",0.0032348285647652
"769",0.00144198876303792
"770",0.0138327982963635
"771",0.00855763463183035
"772",0.00348295074732707
"773",0.00347086189412105
"774",0.00624381960392251
"775",-0.00451293571887357
"776",-0.000465666486575866
"777",0.0120387219276723
"778",0.00426473106447167
"779",0.00470284323183456
"780",-0.0190783496107785
"781",-0.00706525643884648
"782",-0.00516383812060761
"783",0.0088360438340227
"784",0.046168529203519
"785",-0.0100412852248501
"786",0.00525704492529888
"787",0.0153556064871001
"788",0.00796519634025383
"789",0.00610325125645561
"790",-0.0362893851619015
"791",0.0138108843054536
"792",0.0149374848772825
"793",0.0108882700391759
"794",-0.00403046269956597
"795",-0.0193851686121218
"796",-0.00228310601456849
"797",-0.0018429161749185
"798",0.0162153269631262
"799",0.00125091336365424
"800",-0.00444788203927526
"801",0.00369753181959842
"802",0.0100209346956568
"803",0.00887855873798227
"804",0.00269726139016013
"805",0.00397124080252631
"806",0.000304855965721718
"807",-0.012081243289547
"808",-0.00104939049662933
"809",-0.00402270555153139
"810",-0.0164434728159377
"811",0.0179306710264364
"812",-0.00397072118678832
"813",-0.00755055242474789
"814",-0.00861825253395132
"815",0.010057942344663
"816",-0.00759698511588836
"817",0.000378046638126239
"818",-0.0168999445706133
"819",-0.017320978053494
"820",-0.00982712311009015
"821",-0.00886129315293882
"822",0.0170572541879888
"823",0.00709243311525398
"824",-0.00617865457768074
"825",0.00546517958160386
"826",-0.00201344534654702
"827",0.00434656376933207
"828",-0.0064943729102156
"829",0.012367846481919
"830",-0.000579329887401503
"831",0.00347105831563255
"832",0.000384910521910253
"833",0.00416074857457271
"834",-0.00351946607381981
"835",0.00632612728201876
"836",0.018241424330331
"837",0.00368345034938189
"838",-0.00443434514126562
"839",-0.0239448958119648
"840",0.00172952035847285
"841",-0.000512131116756631
"842",0.00593743868479857
"843",-0.00440180592459072
"844",0.00637310151811343
"845",0.0352030349896042
"846",0.022258831797322
"847",0.0138195674167214
"848",-0.0128004132264117
"849",0.00728361428965574
"850",0.0257787094264472
"851",0.0100938131692185
"852",0.00320859730047296
"853",0.0081470782493045
"854",-0.00204475813502203
"855",-0.0069034876150873
"856",-0.00401560888384234
"857",-0.0152330073659566
"858",-0.0132778874919133
"859",0.0118762519558406
"860",-0.0055678737248539
"861",-0.000999594391276393
"862",0.0184197562493282
"863",0.0104569063056208
"864",5.71085632801172e-05
"865",-0.00504214676252346
"866",-0.0058762007330273
"867",-0.0209612810042246
"868",0.0138871476913143
"869",-0.00466611503947911
"870",-0.0073346373742158
"871",-0.00094275282798284
"872",-0.00372068350349197
"873",0.00183260179763867
"874",0.000295184385559644
"875",0.0192966111382429
"876",-0.00563351381735666
"877",0.00331429207066014
"878",-0.000290307409623214
"879",0.0101101412884397
"880",0.0139846452741619
"881",-0.0107136199302222
"882",-0.00108907689402482
"883",0.00377827328585534
"884",0
"885",-0.0256972757378833
"886",0.000175865396549568
"887",0.0028096014078125
"888",-0.0108725705751849
"889",0.0177462273567914
"890",-0.000174170517416972
"891",0.00463422024565974
"892",0.0113209840549566
"893",-0.00372115491714009
"894",-0.000114764251249788
"895",-0.000229522122045189
"896",0.00566416265413228
"897",0.0102733600461113
"898",-0.00509507442802093
"899",0.0163813728291471
"900",0.000892889880809378
"901",-0.00447271231528079
"902",-0.00821479872614805
"903",0.000225917981436119
"904",-0.0160567821645192
"905",-0.0180122438468668
"906",0.00233492607785513
"907",-0.0209156471753547
"908",-0.00591174788551374
"909",0.0027511501264228
"910",0.00208829173086
"911",-0.044359654848078
"912",-0.0253018068342517
"913",0.0409420972157442
"914",-0.0216396086127455
"915",-0.0279022850074333
"916",0.00808845092857791
"917",0.039488734058494
"918",0.00996790384480217
"919",0.0182694784631421
"920",0.0330269058552091
"921",-0.00324250186520914
"922",-0.00336926076833288
"923",-0.00454917361938589
"924",0.00832436024273298
"925",0.0172418064345057
"926",0.0195791511233967
"927",-0.00324602926614093
"928",-0.00151470676644561
"929",-0.0176714840732166
"930",0.00689053705749876
"931",0.00345580024039549
"932",-0.000848725596819033
"933",-0.00932619782184485
"934",0.0108533268590287
"935",0.0170349967193375
"936",0.0096213295100922
"937",-0.00967687055809119
"938",-0.00853773765654919
"939",0.00117610701255888
"940",-0.00353261368895064
"941",-0.0153971112549556
"942",-0.000342328973678807
"943",-0.0229152037723224
"944",-0.0142304877883075
"945",-0.0234289985544542
"946",0.0463794576824061
"947",-0.0259755333168634
"948",-0.0111105619635263
"949",0.00777843935968026
"950",-0.00657783886005747
"951",0.0102069590641265
"952",0.018941742791994
"953",0.00691041910389156
"954",-0.0259115258527949
"955",0.00986918131038905
"956",0.0186431030943153
"957",-0.00468626499460489
"958",0.00981020032506175
"959",0.00338232905801439
"960",0.00621888746562815
"961",0.0136701892564584
"962",-0.0022467320167574
"963",-0.0287493676457098
"964",-0.041835262308902
"965",-0.00290063047342404
"966",-0.0140169273043682
"967",0.00434789263096391
"968",0.00347704021826978
"969",-0.0116372474777222
"970",0.0179502222658332
"971",0.0229703361450642
"972",0.0432271404086979
"973",0.00181062683290012
"974",0.0384833470393646
"975",0.0072089202712271
"976",0.00479513852622038
"977",0.00701642355717924
"978",0.0142026343729116
"979",-0.00765920890807736
"980",-0.00233585079406273
"981",-0.0091299815610153
"982",0.00928941610696699
"983",-0.00634374818574335
"984",-0.00364322931771843
"985",0.00706002825516672
"986",-0.00250807244773199
"987",0.0063911380052506
"988",-0.00111555085517523
"989",0.00228284551735269
"990",-0.00361245619395101
"991",-0.00213101843311492
"992",-0.00336567888155681
"993",0.017873287439635
"994",0.00832310917970291
"995",0.00768553409320116
"996",0.00345994310326603
"997",-0.00268422623809617
"998",-0.00913918492095522
"999",-0.00245475802799966
"1000",0.00547577186809711
"1001",-0.00825115139474075
"1002",0.000524288347527602
"1003",-0.0103257054824137
"1004",-0.000529646709770404
"1005",-0.01629178963258
"1006",0.00435260093008782
"1007",-0.00559197057580541
"1008",-0.00291596938804028
"1009",-0.0149829820772873
"1010",0.0123296272750855
"1011",-0.00146497762400744
"1012",0.00724991535367447
"1013",-0.00210463907589586
"1014",0.0111204350179066
"1015",-0.0175697975345743
"1016",0.00801472952688131
"1017",0.0137667656466967
"1018",0.0137896782915381
"1019",-0.00120752906369326
"1020",-0.0130610424073696
"1021",0.0166270013265808
"1022",0.00156920212135114
"1023",-0.00219755213806261
"1024",0.0028245232712707
"1025",-0.00549957668966217
"1026",0.00774311713976816
"1027",-0.00229573298583308
"1028",0.000887591747215311
"1029",0.00722813266327771
"1030",0.00938590750146906
"1031",-0.00313600737647191
"1032",-0.0167713994524279
"1033",-0.00561839278869281
"1034",0.00199888548405758
"1035",0.0572401991139184
"1036",0.0288116972385453
"1037",0.00288894222891933
"1038",0.00517914152902987
"1039",-0.00941910929517276
"1040",0.00067574092734457
"1041",0.0078341495252201
"1042",-0.00648403600705549
"1043",0.00643612218298895
"1044",0.00420431563075763
"1045",0.00233340897480527
"1046",0.0145436689126242
"1047",0.0197731757581918
"1048",-0.00979128439702937
"1049",-0.00195129446350428
"1050",4.6557697667815e-05
"1051",0.0020439454870953
"1052",0.00310436939953362
"1053",0.00820092118571569
"1054",0.00804314728150324
"1055",0.0148191022166779
"1056",0.00915166324905847
"1057",0.0114877946820187
"1058",0.00320180976438511
"1059",-0.00654618251853201
"1060",-0.0167570112806814
"1061",-0.00810087216482991
"1062",-0.0135115854569903
"1063",0.0249685407501663
"1064",-0.012496790790542
"1065",0.0238681029973016
"1066",-0.0114160395846872
"1067",-0.0269870221730608
"1068",0.0016509221093397
"1069",0.000595460497198719
"1070",0.00757304721130803
"1071",-0.0108296700468484
"1072",0.0142777566435246
"1073",0.00632090240623118
"1074",-0.00799807243156092
"1075",0.0203433202420555
"1076",0.00350577474152924
"1077",0.00671080664189638
"1078",0.00884924519098451
"1079",0.0120951206871629
"1080",-0.0177372988789397
"1081",-0.016361964171459
"1082",-0.00232106520594755
"1083",0.0137583920668485
"1084",-0.0474334615743004
"1085",-0.00886709469270341
"1086",0.0350961623398942
"1087",-0.0216177895323248
"1088",0.0217978282521205
"1089",-0.00433071461654411
"1090",-0.0236510642465366
"1091",0.0151152212732595
"1092",0.00609146367864888
"1093",0.00938255814538902
"1094",-0.0349037310129545
"1095",0.0216615335764083
"1096",-0.0160517087160366
"1097",-0.018948622775774
"1098",0.00498191555416216
"1099",0.0257326117600623
"1100",0.0152356261655653
"1101",-0.06863295195163
"1102",-0.0287990182541544
"1103",0.0107560144927419
"1104",0.0298774616352269
"1105",-0.00697829043450948
"1106",-0.0194698321885745
"1107",-0.0516872014486003
"1108",-0.0100415130500005
"1109",-0.0286540037483438
"1110",0.0243791979475496
"1111",0.0110147940566923
"1112",-0.0404388370830668
"1113",-0.0489569928914131
"1114",-0.00113068760497814
"1115",-0.0257269645218274
"1116",0.0134331043648031
"1117",-0.00217847933428628
"1118",0.0377318245628797
"1119",-0.00771176375436244
"1120",-0.00541706286093824
"1121",0.0343457416561819
"1122",-0.0449856144781746
"1123",-0.0112121147105375
"1124",-0.0363082679659654
"1125",0.00656634593703798
"1126",-0.00573578112494788
"1127",0.00278331381115304
"1128",0.0108807894728375
"1129",-0.0325207752655503
"1130",-0.00934978579705037
"1131",0.0129089027670632
"1132",-0.0316885327281744
"1133",-0.0255584855166102
"1134",-0.0396722858614131
"1135",-0.026214675310074
"1136",0.0680525671133916
"1137",-0.00651098959194041
"1138",0.000512222324236866
"1139",0.00961887850749443
"1140",0.00114044235714283
"1141",-0.104924356145515
"1142",0.0418032427092867
"1143",-0.00222832742443213
"1144",0.018883700782784
"1145",0.016839153624141
"1146",0.00319109384791005
"1147",-0.00986653774710211
"1148",-0.0151512512359879
"1149",0.0202600912710289
"1150",0.0121425856529163
"1151",0.0059201973952141
"1152",0.00614053340126075
"1153",-0.022701889846279
"1154",0.00403617494699926
"1155",-0.00795780088796372
"1156",0.0325996794699228
"1157",-0.00929760248011391
"1158",-0.0104188479998255
"1159",0.06610106371238
"1160",0.00717542941562899
"1161",0.000480538200488212
"1162",0.0280090307944216
"1163",0.0169647241927597
"1164",0.000344480806397041
"1165",-0.0191210410035962
"1166",-0.00310531954579307
"1167",-0.00576750663922798
"1168",0.00858025970594323
"1169",-0.00416342124645652
"1170",0.00363665136131219
"1171",-0.00222732637386303
"1172",0.00298809076558104
"1173",0.00641481104355668
"1174",-0.00565453143992034
"1175",0.0111038202868046
"1176",0.00725807342082296
"1177",0.000573812278469088
"1178",0.0030927630963089
"1179",-0.00988459320571744
"1180",0.0104563060108132
"1181",0.00501687375678017
"1182",-0.00182143594505435
"1183",-0.00577059729283658
"1184",-0.0116421347040032
"1185",0.00237401457870501
"1186",0.0340556947468333
"1187",0.011172746346658
"1188",0.00441236154354918
"1189",0.0110552131734059
"1190",0.0129243386243707
"1191",0.0101567559398004
"1192",-0.00795627736826576
"1193",0.00870060191229394
"1194",0.0361682840770472
"1195",-0.0209257752159764
"1196",-0.0121647670434735
"1197",-0.0103854794439968
"1198",0.00895389468617047
"1199",0.00132559207088345
"1200",0.00649642347604162
"1201",0.00676834609856725
"1202",0.0144320624755401
"1203",0.0068315953036473
"1204",0.00173893246339052
"1205",0.00667193382138187
"1206",0.0156135528317085
"1207",-0.00300304523977868
"1208",0.0055983151872292
"1209",-0.00835903474976396
"1210",-0.000402191959615994
"1211",0.00180859133566669
"1212",0.00010040152689017
"1213",0.0192858701871623
"1214",0.00358729588278006
"1215",0.00328118024980828
"1216",0.0143202662141575
"1217",-0.00154346933979488
"1218",-0.00911655999711103
"1219",-0.0047853794646997
"1220",0.00151620677584097
"1221",-0.0194439603800416
"1222",0.0479189116877219
"1223",-0.00652901984800103
"1224",0.0123546738940168
"1225",-0.0155632393421219
"1226",-0.0273270082421924
"1227",0.000197121455629112
"1228",-0.0108023053453117
"1229",-0.0177939254833386
"1230",-0.0598768134231076
"1231",0.0157063112721487
"1232",0.011908017713826
"1233",-0.00440945596341535
"1234",-0.0056980211146378
"1235",-0.0317692016823083
"1236",0.0189895179083628
"1237",-0.0206840874416412
"1238",-0.0172170457787186
"1239",-0.00384800403602004
"1240",-0.0041433654364682
"1241",-0.00478048209408621
"1242",0.00517320080443184
"1243",-0.0182816076623471
"1244",-0.0101617198379254
"1245",0.0359306284166152
"1246",0.0160144350431826
"1247",0.0145750244794032
"1248",0.0262688845600967
"1249",0.0126984595099184
"1250",0.0115130522481475
"1251",-0.00318762223637403
"1252",-0.000206066851489606
"1253",-0.0072888637959343
"1254",0.00594883676642599
"1255",0.0232461711299501
"1256",-0.00292692988380816
"1257",0.00800352589295805
"1258",-0.0034150695421542
"1259",-0.00100664393441141
"1260",-0.0152736290948217
"1261",0.0213984737238468
"1262",-0.000300345393450918
"1263",-0.00915363219684462
"1264",0.0181746007651888
"1265",0.00583751534005961
"1266",0.00825277563097382
"1267",-0.000881010237094859
"1268",-0.0208294085969349
"1269",0.00608086395351171
"1270",0.0098400774202001
"1271",-0.00730901577002374
"1272",0.00765343315959921
"1273",0.00935114372746959
"1274",-0.00346590855427031
"1275",-0.00563930378858624
"1276",0.0112956675563511
"1277",-0.0150401267400726
"1278",0.0225968183130569
"1279",0.00778735856532675
"1280",-0.000814332643639393
"1281",-0.00793863046788479
"1282",0.00347189077709453
"1283",0.00929520380727089
"1284",-0.00430145488162159
"1285",0.0201988379738904
"1286",-0.0218766888826547
"1287",-0.0213851672110943
"1288",-0.053767771512776
"1289",0.0187534523904707
"1290",0.0103020406198997
"1291",0.0218161566804049
"1292",-0.012066750559145
"1293",-0.00254070428350506
"1294",0.0414762297963636
"1295",-0.0302170079964843
"1296",-0.00499393354133248
"1297",0.0233206529468979
"1298",0.0184724356672934
"1299",4.75006527627109e-05
"1300",0.0107802462437916
"1301",-0.000846821958921939
"1302",-0.0473227673125938
"1303",0.018820998756361
"1304",-0.0113479847008793
"1305",0.0066879889340159
"1306",0.0167900698893795
"1307",-0.00129260101779671
"1308",-0.0146707003413837
"1309",0.0168241718092856
"1310",0.0193629074079968
"1311",-9.37965968130783e-05
"1312",0.00425803234889299
"1313",0.0117437979011359
"1314",0.0313001095882095
"1315",-0.00223874011724945
"1316",-0.0196457343168506
"1317",0.00524333594281767
"1318",0.00363143395799881
"1319",0.00933557189398115
"1320",-0.0081581411658922
"1321",-0.0147259811737794
"1322",0.00453662828278967
"1323",-0.00476631525184379
"1324",0.0152723811875553
"1325",-0.00517101760067185
"1326",-0.00487791070230692
"1327",0.0232626037060069
"1328",0.00276438559102044
"1329",-0.0253873986366226
"1330",0.00845882497081618
"1331",0.0276461255145772
"1332",0.000220230365727936
"1333",-0.0117841441219815
"1334",0.0116520293416169
"1335",0.0133883520074054
"1336",0.026250754390845
"1337",-0.00144048490049453
"1338",-0.00233446484477451
"1339",-0.00404527789576292
"1340",0.00387524814898743
"1341",0.00479130849572496
"1342",0.0171940493501799
"1343",-0.00228937596786327
"1344",0.0133296008470483
"1345",0.00164355368813496
"1346",0.0122410537814419
"1347",0.00996721113991761
"1348",-0.0233995810388627
"1349",-0.000123300794482972
"1350",0.0223577464089546
"1351",0.0279855432873015
"1352",0.00654561666055642
"1353",-0.00143791096855672
"1354",0.000427661032065707
"1355",0.00847741569455884
"1356",0.00273312327907771
"1357",0.00788760795525256
"1358",-0.000915827285350446
"1359",0.00953603350471077
"1360",-0.00694348920232368
"1361",0.0118093418541072
"1362",0.00502947409991084
"1363",-0.00303717954349914
"1364",-0.0117097505171966
"1365",-0.00449351850171187
"1366",-0.000878245141263001
"1367",0.0173818483320662
"1368",-0.00783928932406841
"1369",0.0133427569952502
"1370",-0.00220522246166688
"1371",-0.0116295545909981
"1372",-0.017990943248722
"1373",0.00878756199721753
"1374",0.014564454315404
"1375",0.0191320392713603
"1376",-0.0140990746567207
"1377",0.00582743498221205
"1378",0.00849323974269733
"1379",0.0025450616819418
"1380",0.0135016050311707
"1381",0.0169730465254059
"1382",0.00196341117130494
"1383",-0.00239226037425411
"1384",0.00100041458252242
"1385",-0.0020733715227772
"1386",0.016186623348287
"1387",0.00095021037892451
"1388",0.0196460952432664
"1389",-0.000379555304683699
"1390",0.00591758442932289
"1391",0.00727998181717471
"1392",0.0225599332065514
"1393",-0.00976961164681445
"1394",0.0079366693568641
"1395",-0.00471413631699225
"1396",0.0159582755621983
"1397",0.0210183642775785
"1398",0.00225815957959874
"1399",0.0211393489662672
"1400",-0.0135952799435959
"1401",-0.00429472800685371
"1402",0.0124486783479449
"1403",0.0110101589475029
"1404",-0.00679997561828927
"1405",0.00356316760978093
"1406",0.00480430466524862
"1407",-0.00288614558172728
"1408",-0.0298462477822499
"1409",0.0278965867873078
"1410",0.0207162588229597
"1411",-0.00145014760082507
"1412",-0.0453517607299654
"1413",-0.00275006719577231
"1414",0.0324804374195198
"1415",0.00812125006709152
"1416",0.0116290549903475
"1417",-0.0160563615093716
"1418",0.00473827386212111
"1419",-0.0060515628086355
"1420",0.023470188950407
"1421",-0.00714655140762765
"1422",0.000246271273335097
"1423",-0.0184802584842716
"1424",0.0143788728266419
"1425",-0.0103119564612513
"1426",-0.022895135291451
"1427",-0.0486655796879631
"1428",-0.0344591264852978
"1429",0.015739150715298
"1430",-0.0676026269422527
"1431",-0.000585152182408066
"1432",0.0890183572381966
"1433",-0.032274536882233
"1434",0.0453409552769797
"1435",-0.0329747497494184
"1436",-0.0133690862063727
"1437",-0.0823952414792775
"1438",0.0695461901942691
"1439",-0.0353479538900787
"1440",-0.103977764160113
"1441",0.113157474580362
"1442",-0.13770804271105
"1443",0.043030824396328
"1444",-0.0247845649314389
"1445",-0.00769156299812046
"1446",-0.0655903408216938
"1447",-0.0214730500885087
"1448",0.0956059477730644
"1449",-0.00552397821362227
"1450",0.0512851475640126
"1451",-0.0422837488954313
"1452",0.0281383284257188
"1453",-0.00204283713650089
"1454",-0.0540518801978376
"1455",0.0165489864091226
"1456",-0.0144756733770439
"1457",0.0836400403908106
"1458",-0.0116499039244244
"1459",0.0252725762618873
"1460",0.0071901744062508
"1461",0.0194374905266512
"1462",0.0492692477524335
"1463",-0.00916922533753262
"1464",0.00791435709666288
"1465",-0.0136616149786093
"1466",-0.0209751538075995
"1467",-0.0313981273088215
"1468",0.0283965374379358
"1469",-0.00388296528543552
"1470",0.0284607023312722
"1471",0.000706581425378161
"1472",-0.0163422381980451
"1473",0.0323173539294475
"1474",0.0208766407819301
"1475",-0.0162303219046072
"1476",0.0140496477110181
"1477",0.0148973231783982
"1478",0.0102644141632657
"1479",0.0102917599200687
"1480",0.0208195313472448
"1481",0.0156128324384506
"1482",-0.0114940249825217
"1483",-0.0121476375840581
"1484",0.00612460314649166
"1485",-0.00592959534049164
"1486",0.0232878662465072
"1487",-0.0057951952566988
"1488",0.0192614577334691
"1489",-0.00748338269413473
"1490",0.00641776488790846
"1491",-0.00679655208967311
"1492",0.00434747080274711
"1493",0.000440052818467151
"1494",-0.000974539123800078
"1495",0.0122229250412085
"1496",0.00461876544765705
"1497",0.00548994384433144
"1498",-0.00864946694376645
"1499",0.0280829439227706
"1500",0.00589508451551257
"1501",0.0310896697855032
"1502",0.0254021211270503
"1503",-0.0492012122523482
"1504",0.00859645455713753
"1505",0.0122913415389201
"1506",0.0261571195219803
"1507",-0.00139267580069724
"1508",0.000398157311770397
"1509",-0.00573103561805599
"1510",0.025827360457658
"1511",0.0211201785952015
"1512",-0.0178097002453326
"1513",0.0131882172280307
"1514",-0.0312077102433896
"1515",0.0227851121686307
"1516",0.00831293303195046
"1517",-0.00189324946182445
"1518",0
"1519",0.0263986930012665
"1520",-0.00310768321840538
"1521",0.0230230363803248
"1522",0.00429109738075173
"1523",0.00174773160088826
"1524",-0.00462386176096796
"1525",0.0164129891837277
"1526",0.00685377392211617
"1527",-0.0123812597847159
"1528",-0.00202229783230212
"1529",0.0208549462584724
"1530",-0.0138978013514972
"1531",0.0028053294224728
"1532",-0.0465848611026578
"1533",-0.00248035284328552
"1534",0.0234237738551339
"1535",-0.016563978571873
"1536",0.0189869768730473
"1537",0.0120275568204855
"1538",0.0995635168878488
"1539",0.0248853834356844
"1540",0.00665595025182952
"1541",0.00361811272435641
"1542",0.0342943979162174
"1543",-0.0247995556051874
"1544",0.014430182231207
"1545",-0.0301910661208833
"1546",0.0326939833918294
"1547",0.017542770424674
"1548",-0.000891632915748453
"1549",-0.00261423586401399
"1550",0.00829827943282346
"1551",0.00125391984156487
"1552",0.0219470094380476
"1553",0.0502485793602663
"1554",0.0118892808830795
"1555",-0.00823756631727601
"1556",0.0135074177072525
"1557",-0.0120263999590859
"1558",-0.00162117578070298
"1559",0.0333498052497179
"1560",0.039059750395805
"1561",-0.0209360695776031
"1562",-0.0834477672419265
"1563",0.000661611017545027
"1564",-0.0696662758521978
"1565",0.0391116157974203
"1566",-0.0331905344189005
"1567",-0.0132158383952552
"1568",0.0295588109100606
"1569",0.0015591168029756
"1570",-0.0299579132900014
"1571",-0.0160924141254313
"1572",-0.0322341207900996
"1573",0.0298750415510396
"1574",0.0155935919181509
"1575",-0.0428512548828976
"1576",0.0102164720661344
"1577",0.0368295411323505
"1578",0.0235884904847161
"1579",-0.0075966575238553
"1580",0.0149633243783835
"1581",0.00842655892623068
"1582",-0.0328126911951285
"1583",0.0303265053480333
"1584",-0.0290884912242104
"1585",0.0168247742810159
"1586",-0.000956322598991477
"1587",0.0172462667482467
"1588",0.0615846961704332
"1589",-0.0268855623384798
"1590",0.000742944439638293
"1591",-0.00396861205469001
"1592",-0.0140994454178598
"1593",-0.0258737326960352
"1594",0.0131056650508548
"1595",-0.005461221751065
"1596",-0.00962953864826943
"1597",-0.00615279030097771
"1598",8.69398916281128e-05
"1599",0.0133824142067391
"1600",-0.0474189019256688
"1601",0.0363805179321375
"1602",-0.0576482105780372
"1603",-0.000827128667540755
"1604",0.0152368716467102
"1605",0.0400248199395525
"1606",0.0348783286676584
"1607",-0.00286048485951174
"1608",-0.020170055133824
"1609",-0.00301346819367776
"1610",0.029901123532329
"1611",-0.00234603378250853
"1612",0.000419365123690341
"1613",0.00868264745324687
"1614",-0.00759321093690257
"1615",-0.0114566160128309
"1616",0.00515486843226043
"1617",-0.0110180199920746
"1618",-0.0301938944659668
"1619",0.011527505372408
"1620",0.00743948942581074
"1621",0.00481470289594643
"1622",0.0208801254954283
"1623",0.0303617476352089
"1624",0.00292922093585801
"1625",-0.0011381189564732
"1626",-0.00562831939198016
"1627",0.012195273093818
"1628",0.00507797010731004
"1629",-0.0211252415872103
"1630",0.0119175275310708
"1631",-0.00675755873548045
"1632",-0.00515996879559033
"1633",0.0488761707632479
"1634",-0.000547530236752358
"1635",0.00693932079666215
"1636",-0.0159777286231639
"1637",0.0123191326081828
"1638",0.0280669608397082
"1639",-0.00700046960247036
"1640",0.00768264509190431
"1641",0.0351409711899917
"1642",-0.0134042883401806
"1643",-0.00856324542581799
"1644",-0.00773247340914018
"1645",-0.0250299058779806
"1646",0.0122879282574626
"1647",-0.0342411240882656
"1648",0.0335539404441878
"1649",0.0085942271053332
"1650",-0.0235233388921374
"1651",-0.00139648560749261
"1652",0.0160964312014462
"1653",-0.015242750679211
"1654",-0.0138256838414961
"1655",0.00541243818279202
"1656",0.0323278900913637
"1657",0.0360023717750861
"1658",0.0159459201327232
"1659",0.0273075653364838
"1660",0.00167789467722379
"1661",-0.00771342434748501
"1662",-0.0356118742212086
"1663",-0.0381387158631394
"1664",0.0163851238099362
"1665",0.0063167154438224
"1666",-0.00780878524655293
"1667",0.0254316362433435
"1668",-0.00459606144660452
"1669",0.00109627665123568
"1670",-0.00659542917927869
"1671",-0.00456888056170879
"1672",-0.00192218006954992
"1673",0.00177441821048863
"1674",-0.0162350380328071
"1675",-0.017801523130589
"1676",-0.00867392877937156
"1677",0.00123266830283875
"1678",-0.0302520046704817
"1679",-0.00111172090735412
"1680",-0.00406037739514709
"1681",-0.0354019276258821
"1682",0.00222913611397502
"1683",0.0524512823088807
"1684",-0.0211149986719681
"1685",-0.0247605900430177
"1686",-0.0159382459706272
"1687",0.0106811284701998
"1688",-0.0425667510095176
"1689",0.0398451955119734
"1690",-0.00920895050387927
"1691",0.0163680266915307
"1692",-0.00765467343254667
"1693",0.0241624605733195
"1694",0.0126624709394552
"1695",-0.00647146423049083
"1696",-0.0344932314668194
"1697",-0.0044902869953205
"1698",0.027941673497816
"1699",-0.00691254734794899
"1700",-0.0201960870938693
"1701",0.00415490058101486
"1702",0.00512824128702238
"1703",0.00148392443952439
"1704",-0.0123504159577656
"1705",0.0185917353630254
"1706",0.00693454129535631
"1707",0.0233036015635077
"1708",0.0024592214113115
"1709",0.0133015458747767
"1710",0.0190511374184128
"1711",0.0200492665813279
"1712",-0.0133213820307132
"1713",0.0240158192034094
"1714",-0.0180144034773768
"1715",0.0185350371248205
"1716",-0.00253105171179513
"1717",0.00505571337097344
"1718",-0.0129129991295605
"1719",0.00292561626879273
"1720",-0.0117541888871742
"1721",0.0178777759305078
"1722",0.00297349303318128
"1723",-0.00245254479887613
"1724",-0.00604544884815184
"1725",-0.000748940353654248
"1726",-0.0152489478325721
"1727",0.00818175776227026
"1728",-0.036026747751972
"1729",0.00195356964723192
"1730",0.0127212305824296
"1731",0.00361609917642269
"1732",-0.0261433152213097
"1733",-0.0074378724963049
"1734",-0.0252547360255218
"1735",0.0177610547428015
"1736",0.0196503907838688
"1737",-0.00930165959150475
"1738",-0.0113094469854174
"1739",-0.00128232765828606
"1740",0.0207943683155962
"1741",-0.0148772073272854
"1742",0.0132263284231833
"1743",-0.00157477197898359
"1744",-0.00039412020214602
"1745",-0.0124540460182647
"1746",-0.0053623562805587
"1747",-0.00265179150131445
"1748",0.00625652966832835
"1749",-0.0122286077845306
"1750",0.0188435034724277
"1751",7.94551011997768e-05
"1752",0.00664977117910848
"1753",0.00307243324910544
"1754",-0.00805561146677025
"1755",0.00978463582334665
"1756",0.0242807419360034
"1757",-0.0064585570970408
"1758",0.00392621478024235
"1759",0.0125221082010727
"1760",-0.0101429735167509
"1761",0.0140053737724051
"1762",0.0126184114282717
"1763",-0.002092043555316
"1764",-0.00217133849612861
"1765",-0.00225126160196254
"1766",0.0124679505270606
"1767",0.0114346197697515
"1768",0.00461053163491965
"1769",0.00226085489997629
"1770",0.0194068991105558
"1771",0.0146112034052193
"1772",0.0177959468208062
"1773",-0.00924228770311863
"1774",0.0129705023576436
"1775",-0.0042125748418389
"1776",0.00785830888850025
"1777",0.0238146542918107
"1778",-0.00450222863456329
"1779",-0.0141759557459817
"1780",-0.0272832464683566
"1781",0.0256424106196453
"1782",-0.00514492666959843
"1783",0.00958261278243899
"1784",0.0119177669654942
"1785",0.00289031957666985
"1786",-0.0150124602819135
"1787",-0.0122709885939143
"1788",0.0045420421582687
"1789",0.00150944797098873
"1790",-0.00233370271447875
"1791",0.0125650175956018
"1792",-0.00278620684327979
"1793",0.000748280718365635
"1794",-0.00627559364786645
"1795",-0.000342216756277658
"1796",-0.00335966579266511
"1797",0.00178408744060032
"1798",0.0205605071391153
"1799",0.00140949046104932
"1800",0.0134569280948238
"1801",-0.00617301757300925
"1802",-0.0258318255504815
"1803",0.00232031771556418
"1804",0.0101055829992367
"1805",0.0102048885205335
"1806",-0.000601423192541972
"1807",-0.00845695366451427
"1808",-0.00554248135035706
"1809",0.00715889464911434
"1810",0.0299637223900069
"1811",-0.008460407983792
"1812",0.00446864781663248
"1813",0.00744711464334813
"1814",0.00422152928505515
"1815",0.015370565068614
"1816",-0.0101347947966763
"1817",-0.00672745905612082
"1818",-0.0336621399233143
"1819",0.003885855031875
"1820",-0.00960808284713988
"1821",0.00612489896164536
"1822",-0.0016117524572099
"1823",-0.0185183862944722
"1824",-0.0215925067152432
"1825",0.00342208671810873
"1826",0.0167316749500594
"1827",0.00669673114415481
"1828",0.000612738742575836
"1829",-0.0106060252953757
"1830",-0.0240891000099159
"1831",0.00646204384387339
"1832",-0.00935540879390562
"1833",0.00809431851522735
"1834",-0.0249134222900302
"1835",0.0140591218478496
"1836",0.00628732244492181
"1837",0.00904344227527076
"1838",-0.00272545692811477
"1839",-0.000629981488196485
"1840",-0.00914471082913337
"1841",-0.00424893353716005
"1842",0.0200237906011873
"1843",0.00748444958564587
"1844",0.0117370303469704
"1845",0.0149675478179523
"1846",0.00335548275896524
"1847",0.00147285965320165
"1848",-0.00529896269791408
"1849",-0.000336346822071398
"1850",0.00456443258770367
"1851",-0.00315257315474771
"1852",0.0246844252348692
"1853",-0.0183224618958686
"1854",-0.00562323058858372
"1855",0.00709078468336433
"1856",0.00975100397110928
"1857",-0.00350470174551809
"1858",0.0021174703097504
"1859",-0.00556807084347088
"1860",0.00245640621440124
"1861",-0.019349179552826
"1862",-0.000338097986136709
"1863",0.0142351829709124
"1864",6.66355534324481e-05
"1865",0.00664454271866877
"1866",0.0163556140858043
"1867",0.0281364269712778
"1868",0.0168335613492836
"1869",0.00292316649217916
"1870",0.00241913085333056
"1871",0.00327817204142189
"1872",-0.03219103996957
"1873",0.0216378539221056
"1874",0.031089300415041
"1875",-0.00321143663019452
"1876",-0.00614867552505682
"1877",-0.0117937426768258
"1878",0.021274863841934
"1879",0.0348325615751799
"1880",0.0225274301852085
"1881",-0.00297451311866137
"1882",0.0276280902484851
"1883",-0.0208909423570498
"1884",-0.0080555922911989
"1885",0.0281103311152027
"1886",-0.0400554630076853
"1887",-0.00652300518839688
"1888",-0.00815516270793371
"1889",0.0189070518234846
"1890",0.015202621737763
"1891",0.00363719430094012
"1892",0.0227148825089651
"1893",-0.00578394924551429
"1894",0.000501920999200323
"1895",-0.00659999036195202
"1896",-0.00354156140987616
"1897",0.0246966663594819
"1898",-0.0127728260562758
"1899",-0.0269600619841004
"1900",-0.0168342382974691
"1901",0.000987872358502173
"1902",0.000116180741215999
"1903",0.0166444938328727
"1904",0.00256693902517924
"1905",-0.0192114328580519
"1906",0.00509764746979791
"1907",-0.0190748858378775
"1908",-0.021248944060769
"1909",-0.0104010192462827
"1910",-0.0128473014225028
"1911",-0.00487615694700061
"1912",-0.0114500070732459
"1913",-0.000563414418248698
"1914",-0.00294754843599154
"1915",0.067450843673349
"1916",0.0257902908635206
"1917",-0.000973113216834243
"1918",0.0070195466462728
"1919",-0.0168611099202538
"1920",-0.00295401188101785
"1921",-0.00424354651413683
"1922",0.0182982850572921
"1923",0.00825954965175146
"1924",-0.0238817553800947
"1925",-0.0204256194976926
"1926",0.00142217372368059
"1927",0.0228885106665393
"1928",-0.00138987688314884
"1929",-0.0214986337833905
"1930",-0.0093998072222492
"1931",-0.0179728371445851
"1932",-0.0262045254905789
"1933",0.0165426027028914
"1934",0.0128821399220991
"1935",0.00163644609772629
"1936",-0.0116960278645362
"1937",0.0203791687113197
"1938",-0.00198324537465133
"1939",-0.0185797576384985
"1940",-0.0240033540974292
"1941",-0.0117447897411997
"1942",0.0343989408658203
"1943",-0.0275625933173718
"1944",-0.0241991569055457
"1945",-0.0269215611730154
"1946",0.0292454923028034
"1947",0.0286024335669817
"1948",0.0064332942840748
"1949",0.0207031491438707
"1950",0.00850144175260947
"1951",0.0205872134924325
"1952",0.00819990992569419
"1953",0.0224245474327756
"1954",0.00372714090165882
"1955",0.00502401708959699
"1956",0.0189536409271787
"1957",-0.00667175386118046
"1958",-0.0179356811744933
"1959",-0.00171960950812267
"1960",0.0234171097153508
"1961",-0.0191236605886758
"1962",-0.0186231332815732
"1963",0.00180246581403853
"1964",-0.0119804082030646
"1965",-0.0258470561430668
"1966",0.0114575140015472
"1967",0.0162104361164284
"1968",-0.0304471146044953
"1969",-0.00133179581375131
"1970",0.0140164534473799
"1971",-0.00101603573920261
"1972",-0.00485538501937999
"1973",-0.0282155467032155
"1974",0.0067146093083208
"1975",-0.0380426370106424
"1976",-0.00146788801709352
"1977",0.044165647918355
"1978",-0.0372915390181445
"1979",0.0019645328013862
"1980",0.00957661669817522
"1981",0.0401897896887329
"1982",-0.0573284985248472
"1983",0.00324786144524403
"1984",-0.0337524833931813
"1985",0.0159836201543735
"1986",-0.0532333583448388
"1987",-0.0272624787638041
"1988",0.0314176633664367
"1989",-0.0107296982375589
"1990",0.0251048670338427
"1991",-0.0580732530562047
"1992",-0.0249500725745335
"1993",0.00174576314254438
"1994",0.0393353529425715
"1995",-0.019403014470865
"1996",0.00113929802377299
"1997",0.022934490737331
"1998",0.039948056196585
"1999",-0.00536052619331517
"2000",-0.000873728831852993
"2001",0.0166714976457385
"2002",-0.0393186069686955
"2003",0.00521402107120306
"2004",0.0174330882517539
"2005",-0.00505613349773615
"2006",-0.0366180477301077
"2007",-0.0393945490707148
"2008",-0.0390369613567296
"2009",0.00665049307304244
"2010",0.019911900790234
"2011",-0.0404589829165731
"2012",0.0114671390551795
"2013",0.0322355033176827
"2014",-0.00383444904652386
"2015",0.021344263939608
"2016",0.0242215242326651
"2017",0
"2018",-0.0302423757743489
"2019",0.0129397404040033
"2020",-0.0181921670701986
"2021",0.0160351126541283
"2022",0.0187534825732953
"2023",0.00956137781238819
"2024",0.0237160349741359
"2025",0.00470355686578028
"2026",-0.0148678569614251
"2027",0.00681051037211855
"2028",-0.0025398743180558
"2029",0.0202755342733516
"2030",0.0113850480066784
"2031",-0.020859260865346
"2032",0.0263711253063201
"2033",0.0134194425773959
"2034",0.014981395069201
"2035",-0.00814385312661425
"2036",-0.00742577035224734
"2037",-0.00886553819655234
"2038",0.0336617729405466
"2039",0.00356537591531492
"2040",0.0322668459286106
"2041",-0.0061724782779935
"2042",-0.00933074725984984
"2043",0.037534362462563
"2044",-0.00192810204401628
"2045",-0.00277806673681713
"2046",-0.00290722146830369
"2047",0.000303241465445581
"2048",0.0258573596841014
"2049",-0.00444142487006438
"2050",0.0211993075552996
"2051",0.00631353120801847
"2052",-0.000924285199750408
"2053",0.00874626664888467
"2054",-0.00229428837914547
"2055",-0.015217061155619
"2056",-0.0232986850171137
"2057",-0.00203112971234098
"2058",0.00179234726248279
"2059",0.0148124524517188
"2060",-0.0384282506611395
"2061",-0.013784772123806
"2062",-0.0154238340071089
"2063",-0.0106919246699002
"2064",0.00469577600733917
"2065",-0.0137045773403477
"2066",-0.00824905761874817
"2067",0.00921136322333105
"2068",-0.0096644005374058
"2069",0.0186644803802229
"2070",0.0377850324326561
"2071",-0.0604716459936885
"2072",0.00951003142496454
"2073",-0.019111366038044
"2074",-0.0110206549410554
"2075",0.0247735265015905
"2076",0.015544009271129
"2077",-0.0204758492960906
"2078",-0.0063956100063729
"2079",-0.0152393490191454
"2080",0.00225771014484444
"2081",0.00654476935869575
"2082",-0.0127322612393082
"2083",-0.0503664205334013
"2084",-0.0304997212813909
"2085",0.0302891502579969
"2086",0.0253003199405182
"2087",0.00205120071918952
"2088",-0.00664773748710878
"2089",-0.0374097784015461
"2090",0.00235287269116835
"2091",-0.0103079082410558
"2092",-0.00461561484689277
"2093",0.0330603384540664
"2094",-0.0327711725091815
"2095",0.0287066891161976
"2096",0.00936543035820847
"2097",0.000764931712953221
"2098",-0.0032724276374525
"2099",0.0266994801461067
"2100",0.0146942047572765
"2101",0.0191529700312412
"2102",-0.0198222538513795
"2103",-0.0309390841663575
"2104",0.0728344815837811
"2105",-0.0155303302087031
"2106",-0.0176984262960307
"2107",-0.038018615071862
"2108",-0.0433303237626896
"2109",-0.00360672671128981
"2110",0.00389465327604377
"2111",0.00416638778232237
"2112",-0.0337532868053909
"2113",0.085236493266029
"2114",0.0190854636634441
"2115",-0.00953089984696831
"2116",0.0117995070209265
"2117",-0.00836600976602764
"2118",0.01288794866944
"2119",0.00377466102511459
"2120",-0.0219186732203918
"2121",0.0145547227934077
"2122",0.00590882383076519
"2123",-0.0197881042011483
"2124",-0.0266153292681555
"2125",-0.0213750946936724
"2126",0.0474501254412214
"2127",0.00188971509859037
"2128",-0.00337701257550727
"2129",-0.00801521060467536
"2130",-0.0256973516050749
"2131",-0.0138808073940346
"2132",0.0120597535092077
"2133",-0.00344082361481401
"2134",0.0162571236262847
"2135",0.00675955104965009
"2136",-0.0156577532897622
"2137",-0.047987518744864
"2138",-0.014686106076482
"2139",-0.0160375145957632
"2140",-0.00052890015612217
"2141",0.0235304525860629
"2142",-0.0240597460643004
"2143",-0.0028020390494552
"2144",-0.013975575896259
"2145",-0.0311658605496321
"2146",0.0279306243276745
"2147",0.00246584086874257
"2148",-0.0381222094586651
"2149",0.0102614032869663
"2150",-0.0106612833402764
"2151",0.0361333539177702
"2152",0.00408053091464478
"2153",0.00444651163643339
"2154",0.0208925091472763
"2155",-0.000599482950155661
"2156",0.0100682582618798
"2157",0.00871824519551101
"2158",-0.00538444948888106
"2159",0.00044363352960719
"2160",0.0190383652458985
"2161",0.0232285592388495
"2162",0.0100127616945338
"2163",-0.00471183402772901
"2164",0.0146948690123025
"2165",0.0135914748760033
"2166",-0.0202823764515427
"2167",0.00898048453584543
"2168",0.00786970826074285
"2169",0.0363922961309475
"2170",0.0241069771503577
"2171",-0.0180914971632689
"2172",0.0190618611592619
"2173",-0.0178104069945864
"2174",-0.00693554762833948
"2175",0.000927520966439666
"2176",0.0186321140897681
"2177",-0.00423390304283
"2178",0.0138076611513833
"2179",-0.0104841430984859
"2180",-0.00757532494878088
"2181",-0.0270421887301273
"2182",0.00289188136574126
"2183",0.00328510907409729
"2184",-0.0181693356733463
"2185",0.00821367669332052
"2186",-0.00345372636366026
"2187",-0.0143484696254603
"2188",0.00412064312116289
"2189",0.0344884652669597
"2190",0.0183696236119752
"2191",-0.0146025967829173
"2192",0.00834234151930513
"2193",-0.0150269687688738
"2194",-0.0139759272937843
"2195",0.0131787771738754
"2196",0.0139908242729767
"2197",0.00261803277155526
"2198",0.0185214522507398
"2199",-0.00546892779265473
"2200",0.015365180944614
"2201",0.0118733556138277
"2202",-0.00914513639500125
"2203",0.00694529258149235
"2204",0.00827128613659944
"2205",-0.0123694856014733
"2206",-0.00398826226722804
"2207",0.0195974491230544
"2208",0.00984130107471781
"2209",0.015523095050014
"2210",0.00767215549739131
"2211",-0.00325493352542505
"2212",-0.0113545043312833
"2213",0.00548085534221432
"2214",-0.0161012690615481
"2215",-0.007620121699631
"2216",-0.00436271792233711
"2217",0.0335349973210741
"2218",-0.00211622048750382
"2219",0.000120984141404712
"2220",0.00747670055878746
"2221",0.00694408045777539
"2222",-0.00586343072063489
"2223",-0.00982906583446486
"2224",0.00187678574458872
"2225",-0.00948045977399836
"2226",-6.11180657266175e-05
"2227",0.027999595398974
"2228",0.00751276278277935
"2229",-0.000530533233288111
"2230",-0.00621066695797268
"2231",-0.00648828748662211
"2232",-0.00996289629513214
"2233",0.0458591315330539
"2234",-0.000403417175425247
"2235",-0.0100212034510268
"2236",0.0103669534708706
"2237",0.00109413503814348
"2238",-0.00681449262216471
"2239",-0.00290158037655264
"2240",0
"2241",0.00359667973184141
"2242",0.0135735733606097
"2243",0.000628200230826437
"2244",-0.00549581757264317
"2245",-0.0152709992058675
"2246",0.00163074005208141
"2247",0.00667003021925794
"2248",0.014006244776847
"2249",0.0106031669614985
"2250",-0.000282064588398967
"2251",0.0158955383085075
"2252",0.00476402970984147
"2253",-0.00759993120082569
"2254",-0.00206246061414284
"2255",-0.00778649955697475
"2256",0.0153467109352752
"2257",0.00215749805647381
"2258",0.0155177123400438
"2259",-0.00261506556964175
"2260",0.00348526742121003
"2261",0.0111364435865804
"2262",-0.00587712052404665
"2263",0.000486562341407648
"2264",-0.00569146992247216
"2265",0.0163902361311141
"2266",-0.00171273327029464
"2267",-0.00758164143225937
"2268",0.0149468080619943
"2269",0.00630784210353141
"2270",0.00179493239822914
"2271",0.0228396883698494
"2272",-0.00781513678618939
"2273",-0.00588867994939246
"2274",0.00250559195655597
"2275",-0.00590869468070654
"2276",-0.0109151972608794
"2277",-0.00281398149943879
"2278",0.00894541877844812
"2279",0.00404927589690551
"2280",0.000786973793822199
"2281",0.0171575537827762
"2282",-0.00134122066597708
"2283",0.00704686193096382
"2284",-0.0101487152087198
"2285",-0.00618072956440052
"2286",0.00421117883403443
"2287",0.00450343702470768
"2288",0.0045347135903544
"2289",-0.00660272179369059
"2290",0.0134175048768741
"2291",0.0031609845917222
"2292",-0.00428504458292611
"2293",-0.0156112239530488
"2294",-0.00734858811839789
"2295",-0.0492113060926824
"2296",-0.0174042687336602
"2297",0.00529763947003392
"2298",-0.00899473075942758
"2299",-0.00123540558247903
"2300",-0.00101196322463259
"2301",0.00934934171963064
"2302",-0.0112635186894821
"2303",-0.00497142422729535
"2304",-0.0146621387445105
"2305",0.00281216285054597
"2306",0.00770700584228301
"2307",0.00787383359014715
"2308",0.0217114659113058
"2309",-0.0265189806008914
"2310",0.0125638767072633
"2311",0.00880719732293489
"2312",0.0215758309547196
"2313",0.0189908018137714
"2314",0.00117171405844996
"2315",0.00842774972944138
"2316",0.0012659037320244
"2317",-0.0364496106700116
"2318",-0.0296856817544766
"2319",0.00348566730434552
"2320",0.00660072889284713
"2321",-0.0172078584789555
"2322",-0.0119255981868163
"2323",0.00874415028536024
"2324",-0.00416257194054825
"2325",0.0167719158025497
"2326",0.00616182755870653
"2327",-0.020194740222359
"2328",-0.0089292105431813
"2329",0.00493233412495186
"2330",0.00735323527774234
"2331",-0.0236765162414585
"2332",-0.00893731817065735
"2333",0.00152444332882595
"2334",0.00304185660879863
"2335",0.0147265703427131
"2336",-0.00780016101809355
"2337",0.00728206423920508
"2338",0.00717219112186296
"2339",0.0146427186829801
"2340",0.00841566882207356
"2341",-0.00335780713544853
"2342",0.0078729795652448
"2343",0.00504843642344266
"2344",-0.0103460758934766
"2345",-0.000727158336456313
"2346",-0.00882354347435665
"2347",-0.0074223295345206
"2348",-0.00216333131198798
"2349",-0.0148133954749445
"2350",0.000693853377353726
"2351",0.00254013528486752
"2352",-0.0135835138172871
"2353",-0.0249133092020193
"2354",0.00793774571554717
"2355",0.0122301724532772
"2356",0.00281482039030045
"2357",0.0185652309821114
"2358",0.0204820604872396
"2359",-0.00519459695213076
"2360",0.0144995350861281
"2361",0.0143473502675127
"2362",0.00586764855539013
"2363",-0.00262795112127101
"2364",0.0216379474352033
"2365",-0.00862069462129877
"2366",0.0141846294282715
"2367",0.00303632144074228
"2368",0.00900150095251373
"2369",-0.00010545598072742
"2370",0.00923549097126575
"2371",-0.00423983470841804
"2372",0.00350831099605564
"2373",-0.0070289683201068
"2374",-0.000948009354988955
"2375",0.00320892997870192
"2376",-0.00542434397318381
"2377",0.00305811696852931
"2378",0.00676834606305565
"2379",-0.00950968371583816
"2380",0.0208444537614021
"2381",-0.00570329220411203
"2382",0.0100882768960773
"2383",0.00738504284349428
"2384",-0.0130116469685699
"2385",0.00788894756291647
"2386",0.0165537173659329
"2387",0.000757411589572321
"2388",-0.00272944967814226
"2389",-0.00853971526539077
"2390",0.00534585188463055
"2391",-0.0107717302518777
"2392",-0.000770244714344059
"2393",-0.00556294317460004
"2394",-0.00284496758395036
"2395",0.000517819798088404
"2396",0.00222381600423915
"2397",-0.00543889350534066
"2398",-0.0364426715610433
"2399",-0.00751577791675917
"2400",-0.0127814498064254
"2401",-0.00402110765748986
"2402",0.0238872954998275
"2403",-0.00226597886761049
"2404",0.0056553782119293
"2405",-0.00322775041234902
"2406",0.00177654486890333
"2407",-0.0123935721464772
"2408",-0.00518694076132764
"2409",0.0320515008661255
"2410",0.0154136141692636
"2411",0.0120899177515348
"2412",0.00663119106363386
"2413",-0.0034900107904825
"2414",-0.00169810935239134
"2415",-0.00905358116692145
"2416",-0.00359236107156047
"2417",-0.0194334425378209
"2418",-0.0195473903452754
"2419",0.0132524001318783
"2420",-0.00541974968904935
"2421",0.00979841858027619
"2422",0.00859472645550063
"2423",0.000580924723721843
"2424",-0.00577131810412013
"2425",0.00281040024697266
"2426",-0.00904267863912001
"2427",-0.0113384221970678
"2428",-0.00482136978458492
"2429",-0.00157600643440947
"2430",-0.00846608002948113
"2431",-0.0041223572724256
"2432",0.00417725675883762
"2433",0.0111811576314587
"2434",-0.0100848029883114
"2435",-0.0074791372066656
"2436",0.00808163481376578
"2437",-0.00664750141905301
"2438",-0.00369991312378115
"2439",-0.00604866297353635
"2440",-0.0257089245073985
"2441",-0.0288532325635247
"2442",-0.00589554843729356
"2443",-0.000709777634047448
"2444",0.0101846229312628
"2445",0.0117621247934432
"2446",0.00277470555238146
"2447",-0.0121966373932469
"2448",0.0108680636908653
"2449",-0.00219897667162527
"2450",0.00635219559685662
"2451",0.0134936351536687
"2452",0.0146020691745754
"2453",-0.0417155852551332
"2454",0.00529612188528361
"2455",-0.00833504070157964
"2456",-0.00669487440981964
"2457",0.020990747651263
"2458",-0.010615268517828
"2459",-0.00849173221536148
"2460",-0.00702338896484989
"2461",0.00478595864007669
"2462",-0.00490435584345139
"2463",0.00449170364984575
"2464",-0.0066858516265782
"2465",0.00721641022413788
"2466",-0.011201770809298
"2467",0.0423608877847945
"2468",0.00858966012399165
"2469",-0.0221060481887232
"2470",-0.0193533501651491
"2471",-0.00818076160961745
"2472",-0.00573071661511637
"2473",-0.0122877888875621
"2474",0.00507797010731004
"2475",0.00637135071022765
"2476",0.0126222800640567
"2477",0.00513408812548644
"2478",-0.00347885604854792
"2479",0.0245052925278006
"2480",-0.0184398557725149
"2481",-0.0060654367552857
"2482",0.0217926772300991
"2483",0.058095545798329
"2484",-0.00914848170365534
"2485",0.00378999656160772
"2486",0.00186236018625863
"2487",0.00996442831343725
"2488",-0.0082694772899794
"2489",0.017491556790703
"2490",0.00615449227770348
"2491",0.0121439012566897
"2492",0.000632284776826531
"2493",0.000158010064382985
"2494",0.00614319244117922
"2495",0.00683386682874598
"2496",-0.00756696108980748
"2497",-0.0212829729066346
"2498",0.0164520560121888
"2499",5.26831064346922e-05
"2500",0.00157772201433382
"2501",0.00524137704295136
"2502",0.00500604381484582
"2503",0.0092161727435851
"2504",0.0016479070410309
"2505",0.00779046016914631
"2506",-0.00712183889931595
"2507",0.0123158826345628
"2508",-0.0193334606161795
"2509",0.0701314081003082
"2510",0.0281776435114356
"2511",0.00547612221084748
"2512",-0.00820195331701523
"2513",0.019480497523829
"2514",-0.0110452443190114
"2515",-0.0217476795380307
"2516",-0.0104993557950399
